3.2582,0.22659,3.5666,-1.7528,-1.0697,2.3638,-1.3131
4.0467,1.7204,3.5645,-0.55835,0.92004,0.88544,0.76613
3.9488,1.6819,1.7892,0.26045,0.14983,0.80938,0.43859
1.3667,1.2078,-0.055397,0.23308,-0.33915,0.2792,-0.34584
1.1739,1.7376,0.36906,-0.69163,-0.99286,1.0816,-0.80809
0.57243,0.50448,-0.28705,-1.503,1.0153,-0.068099,-0.25749
0.80911,0.62814,-0.10549,-0.65197,1.5602,-0.56116,-0.83672
0.87373,0.84918,-1.31,-0.84464,1.3467,-0.1993,-0.82372
1.9624,0.058895,-0.43788,2.5883,1.9167,1.5752,1.0425
2.5364,1.8836,1.238,2.0882,1.1321,1.7844,0.44367
4.023,1.2234,-0.24313,1.1049,-1.1656,2.3876,0.19013
1.4849,0.27099,0.46905,0.051524,1.4827,0.54678,0.28719
2.1963,0.69635,1.1035,0.74989,3.5323,0.6711,-0.87417
3.5635,-0.30418,-0.11445,-0.84758,-0.30474,0.73094,-1.4763
2.1612,0.54549,1.1719,-0.080598,1.7797,-0.15831,-0.16907
1.1212,-0.80803,1.7465,1.1728,3.6427,-0.6945,-0.39196
-4.6773,0.15582,3.3806,-2.1947,0.38168,-0.09793,-2.5605
-1.1802,1.0317,3.5601,0.47819,-0.83699,0.37302,-1.4517
-2.3639,0.56519,2.2269,-2.7362,-2.0147,0.71812,-1.9669
-1.0009,0.68558,0.72641,-3.0177,0.030427,0.91093,-0.96036
-1.1471,0.41537,0.41398,-1.1103,-0.88617,0.22936,-1.2411
0.62118,0.98048,0.4401,-2.3147,-1.3628,-0.023819,-0.25797
-1.0978,0.59642,2.4683,-2.6162,-1.49,0.87264,-0.5776
0.54396,1.575,0.79287,-1.7678,-0.92115,0.43994,-1.7107
-2.0653,0.020804,0.0007091,-0.96798,-0.72977,1.3473,-3.0536
-3.3398,-0.32717,1.6556,-1.4971,-0.65051,0.73894,-0.83261
-2.7401,0.60568,1.0366,-1.9368,0.41567,0.15081,0.081525
-1.0355,0.078474,3.0064,0.96381,-0.082258,-0.026708,0.37906
0.84191,0.045315,1.8926,-0.79597,-0.54146,0.14535,-1.4925
-1.8242,0.72313,2.6333,-0.62269,-0.17439,1.1964,-1.3981
-0.39475,0.5617,2.4821,-0.45423,4.202,0.96329,-1.6417
1.526,1.3524,3.4439,0.92088,2.8728,1.4071,-0.49653
-0.63178,-1.2953,1.6811,1.6883,3.7675,-1.1622,-0.40156
-1.1488,-0.1636,1.3449,0.69855,1.3329,0.25416,-0.461
-1.9456,2.9167,1.9811,-0.097257,1.3703,1.195,-1.062
-0.045997,1.7744,3.3095,1.1334,5.8889,-0.074311,0.80883
0.50831,-0.3526,1.97,0.43142,3.3079,1.2189,1.1944
1.9222,0.83861,2.7667,0.45518,3.1405,0.53096,0.32958
2.5456,0.87464,1.5444,0.036527,4.8907,0.49223,0.45175
3.4439,0.43994,2.6149,1.9975,7.0919,1.0062,2.6782
0.57738,-0.12764,0.25556,-1.7209,1.9441,0.30861,0.66848
2.7856,1.5312,3.4836,-2.2801,1.4377,1.1309,0.9816
2.0372,1.5864,1.9123,-0.53301,1.1683,1.8694,-1.0298
-0.3496,0.53435,2.1423,-0.75483,0.67635,0.73465,0.010059
0.41623,0.0048718,2.3649,0.81803,1.6191,0.37078,1.571
2.535,0.30404,2.9188,0.46132,1.2263,1.0976,1.3199
0.33497,1.0592,4.5523,0.87837,1.7732,1.6374,1.0926
3.0943,1.2985,3.6141,-0.48048,0.7064,1.6366,0.24033
4.2331,2.6351,2.9557,0.48023,1.7079,2.3918,1.6702
3.8314,2.621,3.7534,-0.35795,3.1327,2.3024,2.7897
5.5473,0.90277,5.3275,1.784,3.7751,0.23267,1.7624
6.1437,0.79176,3.6625,0.16913,1.4729,0.17352,1.1398
5.4427,1.7939,4.4565,-0.91452,1.8639,1.0087,1.4943
6.5844,1.4636,6.0446,1.5702,4.5512,1.6861,1.9709
2.9894,2.0135,3.6337,0.74279,1.7301,1.4065,2.9562
4.8149,1.846,3.1275,-0.26493,1.9257,1.5157,2.1831
1.9836,0.22934,-0.0020912,0.72639,0.15653,-0.82934,0.54612
1.2912,0.21161,0.6442,0.64683,-0.08843,0.98165,0.62809
0.89639,-1.2558,0.36788,-0.44844,0.030596,0.77287,-1.2531
3.2346,1.5197,2.6587,0.51242,3.5796,0.78715,-0.21389
2.3415,1.7772,2.3464,0.21351,2.6896,2.0353,0.40047
1.1786,1.4393,3.0093,1.2427,2.1091,-0.3362,0.60408
2.4768,1.5664,3.8311,0.20176,5.4801,0.33493,0.74422
3.0234,1.7181,5.6772,1.9295,1.7114,1.1944,0.36537
7.8694,1.1341,1.4627,3.5993,2.5303,0.013622,2.6928
3.2031,0.12926,-0.33803,0.78918,1.92,-0.76309,2.4588
4.6358,1.3417,2.1646,1.767,1.038,0.34272,1.1193
4.2818,1.7135,0.45668,1.8712,-0.61417,0.82581,0.7615
4.4575,0.19682,4.3935,0.37104,0.61472,0.10139,0.89099
3.0146,0.071885,3.1853,0.46645,1.1128,-0.14686,1.1534
3.0759,0.12684,2.678,0.74962,-1.0998,0.071274,0.017588
1.8587,0.15787,4.5378,0.51921,0.15952,1.3793,1.1146
2.1894,2.6374,2.8043,0.052493,1.7532,2.2984,1.1274
4.6256,0.82739,4.3148,1.1731,2.2264,1.1098,1.4301
2.6527,1.5269,2.3629,0.91203,0.56955,0.63191,2.9154
1.8985,1.4401,0.93067,-0.53983,1.9434,1.1841,0.66877
2.9445,-0.89323,1.6546,-1.9916,1.131,0.57909,0.28745
3.3214,1.203,3.1202,0.63625,1.2843,0.11929,0.62222
1.8957,1.8631,3.1084,-0.1112,0.22592,1.8019,1.087
1.3903,0.80983,2.0944,-0.80148,1.3779,0.074734,1.8923
3.1064,0.92685,0.28211,1.6136,1.1518,0.0032912,0.027939
2.7019,2.0648,0.44755,0.8268,-0.58444,-0.93219,1.8065
1.264,0.81538,0.13924,0.51467,-0.59984,0.23,0.82864
1.8049,-1.1566,0.87451,-0.47525,0.91448,-0.16508,0.51738
0.64426,-0.92312,1.0004,0.29637,0.7737,1.8265,-0.039075
1.8891,0.245,0.31848,-1.9395,1.276,1.2491,-0.62268
2.7072,0.28578,1.0723,-0.83595,0.91943,0.51497,-0.43065
1.2236,-0.59103,-0.1239,-0.42277,0.0023681,0.72103,0.22093
0.13338,1.0832,0.39501,-0.99398,0.1461,-0.31977,1.1423
1.7092,1.1028,0.37933,1.6069,1.0056,0.12538,0.7685
0.71478,0.39423,0.19784,0.35236,0.64225,-0.047756,0.53308
0.79022,-0.25278,1.4784,-1.0062,0.50114,0.41368,-0.1605
0.88148,0.46198,0.040508,-0.20599,-0.24808,-1.2353,-0.15855
1.9049,0.037865,-1.9275,1.2664,-1.1475,-1.4794,-0.16544
1.5824,-1.1026,-1.6215,1.0235,0.56462,-1.2114,2.5137
1.4301,0.32894,-1.664,1.8291,-0.55951,0.19046,1.8078
-0.32918,1.0918,-2.185,-0.083481,-1.2719,0.35447,-0.16348
-3.1693,-0.033707,-1.315,-0.94754,0.42038,-0.14793,-0.12795
-0.3329,-0.084721,0.74268,-0.51063,0.58257,-0.48183,-0.29041
-2.4124,0.16486,-0.23537,-1.1497,-1.3614,-0.5956,0.50563
-1.4757,0.11136,-1.1606,-1.3766,0.63899,-0.53216,0.97419
-1.2504,-1.9987,-0.10402,1.4871,0.79644,-1.3079,-0.33489
-0.34065,1.2272,0.44353,0.54271,-0.31033,1.4425,-0.37343
-1.0274,0.74796,1.0227,-0.97342,-0.4211,0.66063,0.26856
2.6718,1.4922,2.2673,1.1194,0.52799,1.1749,2.8382
3.9807,1.1733,0.99762,2.3377,1.2561,0.63556,3.343
3.1167,2.0518,1.7079,2.7735,1.5905,0.15902,2.6239
1.9525,1.3156,-0.0081514,1.3939,0.25722,-0.083245,3.1684
3.8074,0.839,1.8313,1.4211,2.2832,1.6649,2.5694
4.8851,1.907,2.371,3.6166,3.3046,0.78341,1.4604
3.9151,1.8369,3.2017,2.5113,1.8968,0.19149,2.0972
6.647,1.1376,2.881,4.0878,2.9738,0.80179,3.1401
6.3665,1.2811,1.6062,2.9334,2.9712,0.45444,3.761
6.9456,0.30394,1.6406,4.0062,2.5185,0.74066,3.8467
7.1396,1.3527,0.75168,2.1209,1.3299,1.6227,2.6383
7.5938,1.1501,2.1421,1.6124,5.0637,0.73881,1.8466
6.8657,1.573,4.6373,3.1542,5.5095,2.0657,3.8734
9.2115,2.5688,2.8971,2.6229,4.2884,0.39957,3.3389
9.5951,2.2263,2.9309,3.2332,2.3498,0.80078,4.5668
8.0601,-0.40234,1.7635,1.7149,3.0616,-0.12611,4.6028
3.6264,0.99133,3.2605,-1.7632,0.92403,1.5977,3.3404
3.3721,1.2479,0.36032,1.5889,-0.21249,1.1185,3.0808
0.34848,-0.43608,1.402,2.2536,-0.049503,1.3196,1.7083
1.9487,0.83809,-0.90828,0.90177,-0.33231,-0.16041,0.73612
-0.3268,0.085578,-0.69889,0.53661,-0.16971,-0.88262,1.1436
-0.4346,-0.84293,-0.53967,-0.21442,-0.73749,-0.80124,-0.12293
2.1353,-0.41276,0.78227,0.5428,1.3286,-1.038,1.6196
0.28027,1.1198,0.42266,0.84155,1.4749,0.46102,-1.0293
1.0632,-0.57126,0.45791,1.1136,-5.7294,0.24302,2.4153
-0.89869,-0.53101,2.1198,-0.8227,-5.0807,-0.092373,2.4161
1.5953,-1.5109,-2.3281,-1.2767,-4.9426,-1.7506,0.58096
-1.888,-1.1292,-3.5187,-0.80137,-4.7416,-0.82982,-0.086948
-1.8138,-1.9603,-4.1149,-1.3999,-5.9034,-1.7834,-0.26746
-1.6234,-1.6063,-4.0244,-1.6111,-4.092,-1.4787,-1.7152
-2.4648,-1.3408,-3.669,-1.2312,-4.4418,0.23681,-1.5634
-1.2275,0.38357,-2.7502,-0.8261,-4.503,-1.7018,-1.0108
-4.9141,-0.20015,-0.41078,-1.4055,-2.346,0.25241,0.28896
-3.3863,0.42873,0.40272,-1.506,-1.1545,0.82256,-0.38439
-3.674,-0.7564,-1.4237,0.38242,-0.37469,0.8127,0.73221
-2.8459,1.2126,-0.26164,-0.99588,-2.0243,0.29869,0.60877
-4.3775,0.10228,-0.42623,-1.1772,-1.5896,-0.1446,1.6021
-1.8997,-0.49065,-0.18082,1.3066,-0.17485,0.46992,0.54898
-0.6507,-0.95774,-0.27144,0.59985,-1.6122,1.3536,-0.57599
-2.1491,0.99037,1.334,0.49837,-2.0943,0.50015,0.7661
0.9489,1.1319,2.4182,2.2885,0.71862,0.15522,1.6032
4.5391,1.3229,2.497,0.93835,1.559,0.58873,2.5067
4.342,-0.063744,2.3668,2.3869,4.6775,1.5907,3.872
5.4167,1.4515,2.8934,2.0751,1.5547,1.1804,3.6348
4.0012,1.6149,0.39558,2.5455,1.2191,0.71086,3.1536
3.0384,2.5635,3.5418,0.45657,2.3698,0.84642,1.4817
4.1018,1.2043,1.8045,3.1111,3.6594,0.78777,2.6305
6.0165,1.9365,3.7805,2.4093,2.8449,0.81057,2.284
4.6838,1.4591,4.9413,0.50179,1.4272,2.0492,2.8534
4.7154,1.705,4.7603,1.1232,2.3857,1.5456,3.3267
7.1678,2.4173,4.1638,2.3032,4.0251,2.0369,4.1803
5.9865,3.1983,3.8263,2.6296,4.0051,3.1941,5.0433
4.9921,1.6464,2.9462,0.40801,2.4,1.679,2.9384
5.2972,1.8655,2.0663,0.99799,1.9752,1.1355,1.8701
4.4412,2.0476,4.7216,1.7526,3.8496,2.344,4.2948
6.9879,1.7301,1.5948,4.8567,4.2949,0.85722,3.7171
4.7594,2.112,3.3822,4.1882,1.3345,3.2319,5.1388
4.025,2.1851,2.5789,1.6998,1.0873,2.3586,3.8012
4.789,1.7513,3.4088,3.3128,4.6864,1.0196,3.4702
5.4519,3.4371,3.3468,2.1047,2.0211,2.1578,3.3677
5.4647,3.14,2.8809,2.277,2.03,1.5349,2.7815
5.2127,3.7238,5.0424,1.7505,3.4572,1.8812,4.3382
7.7546,2.2443,3.8046,3.5398,4.8088,1.8018,3.1532
6.5993,2.0737,4.4104,3.7518,2.3684,2.3609,4.8038
4.0819,0.21012,0.95747,0.12006,1.5155,-0.73581,1.129
2.9404,-0.5413,0.35325,1.3199,1.7899,-0.27887,1.5672
0.81693,-0.20727,2.0058,0.84679,0.43302,-0.81031,0.32768
1.7055,-0.40991,2.0653,1.964,2.0701,0.98226,0.61427
0.6497,-0.5513,0.24665,-1.0809,0.029602,0.83526,1.2791
2.4205,0.63235,0.85544,0.77132,1.2973,-0.24226,1.7968
-0.18516,0.69618,0.48667,-0.90118,1.5001,0.67826,0.85716
-0.67557,0.046871,0.1665,0.2642,2.1396,-0.68967,2.2144
1.9489,0.27491,-0.76891,0.72726,0.098969,1.5119,2.3239
0.45904,0.94831,1.6703,-1.0528,-0.19223,1.0266,1.789
3.9109,0.38343,2.7663,0.54261,1.9069,1.1595,2.9763
1.043,0.6296,1.7883,-0.84908,-0.52781,0.9291,2.727
0.22585,1.3546,1.3901,-0.61288,1.1042,0.84669,2.5944
2.2489,0.68694,0.84524,1.5019,0.86379,1.1475,2.7917
2.7728,1.8363,0.23862,0.9694,0.18868,1.0096,4.167
1.4783,1.193,1.6319,2.4952,0.065449,0.7553,3.0328
6.4006,1.8381,0.57687,2.0107,2.8836,1.9306,2.8791
6.342,3.6027,1.0818,1.2311,1.8047,2.9945,3.2992
6.0967,2.6445,5.2588,0.18018,4.4691,2.1861,2.6565
5.9458,1.8586,3.1188,1.005,3.5598,0.74188,3.5628
5.0356,0.82474,3.8027,0.70818,1.2762,2.8202,4.4144
4.2693,2.3556,3.5571,0.19237,0.67499,1.897,3.5218
5.6031,2.4865,3.8083,1.7482,2.5967,0.70957,2.1286
3.4788,2.0311,2.1517,0.71467,1.9354,2.1016,3.7591
0.74187,0.9654,1.3116,1.3938,1.1287,0.015179,-0.014538
2.0094,-0.9083,1.0507,2.417,0.54557,0.11011,2.3133
2.1655,-0.1186,0.98963,1.3968,-0.0729,-0.0069708,0.57783
1.6171,-0.44109,3.0645,1.4801,1.1939,-0.17079,1.5659
3.0786,1.4271,1.9502,1.7023,-0.10047,0.59956,1.627
0.94441,1.5027,1.4412,0.84429,-0.091587,-1.1456,2.0385
2.5607,0.45901,3,2.0686,3.9492,0.30166,2.5976
1.5282,0.50078,1.9947,2.6542,0.79086,1.1422,2.4032
3.1707,-0.16885,0.93267,2.4627,0.77382,0.0066235,0.93728
0.3444,-1.352,0.48557,-0.47773,0.77248,-0.18245,2.0653
1.9373,0.87789,2.7454,0.62628,1.5414,1.7366,0.69873
4.5117,1.3866,4.3175,1.5225,3.3102,0.7565,0.71049
4.5145,0.86774,3.8971,2.8995,1.7471,0.21899,3.4236
5.3475,-0.62363,3.0208,4.158,2.6085,1.5737,2.9343
4.7646,1.1317,5.276,1.6354,4.6546,0.35395,4.4454
4.928,1.3433,4.6743,3.3252,2.4996,1.8531,4.5877
-1.1126,-1.6585,-2.6747,-0.89128,-2.4219,-2.1873,0.45759
0.25574,-0.74947,-2.471,-1.2252,-2.2172,-0.51571,-0.048192
0.2814,-0.38599,-2.2558,-1.7564,-3.6006,-1.0815,-1.3601
-2.3317,-1.4968,-1.1379,-2.3375,-2.2994,-1.3384,-0.24575
-3.7345,0.14889,-1.2219,-2.5285,-3.3186,-0.63648,-1.0287
-3.5621,-1.4273,0.99184,0.22998,-2.7077,0.29385,-0.51816
-5.6837,-0.16222,-0.12286,-0.89026,-2.3935,-0.61812,0.62771
-3.8445,-0.37049,-0.25463,-0.74896,-0.33973,0.28468,0.12972
3.8504,1.7435,1.5756,1.6924,3.3749,1.3892,2.5507
3.9348,1.2475,2.8721,0.98243,4.7972,0.45503,2.7191
6.4377,2.0225,1.6117,0.96461,1.6859,0.68701,2.026
5.3481,-0.42124,2.6491,-0.46586,2.2396,-0.44408,1.616
5.3899,1.2949,2.9487,-1.3905,3.2989,1.2903,1.8161
6.1281,2.2844,3.0823,1.2732,2.6176,2.7583,1.7904
4.8757,1.6238,3.9886,0.65502,0.78191,1.0306,3.175
4.2555,0.016055,3.0874,0.17884,1.9515,0.66126,2.6924
3.6483,1.2967,-0.20909,-0.87182,0.67189,-0.16568,1.0712
3.0483,-0.51773,0.20482,0.33047,0.54231,-0.40647,-0.04529
1.6906,-2.4725,-0.88338,-0.29576,0.50787,-0.49586,1.1399
3.1711,1.3308,0.74411,0.0082339,0.48247,0.45523,1.076
1.2422,1.2458,0.59087,0.53664,-0.020551,1.377,0.81896
0.58298,-1.2419,0.57567,0.14977,-0.15766,0.23872,-0.89026
0.94121,-0.40276,0.95378,0.31577,1.3223,0.37117,-2.2683
3.1384,-0.48767,2.1029,1.5647,2.3911,-0.33248,2.9041
3.5988,0.76812,0.4382,1.8879,2.7428,0.62748,1.3287
4.6813,0.93735,1.8739,0.12661,2.1494,0.58243,1.3864
1.1879,0.7326,-0.053044,0.083271,1.1747,0.58879,0.48072
4.1599,0.36214,1.4165,-0.28641,1.5451,-0.87094,-1.0318
1.0534,0.56514,-0.70289,-1.0867,-0.062451,-0.92848,0.43417
0.99072,-1.5234,-0.51767,-0.88034,0.12656,-1.6302,-0.33139
2.1411,-0.071327,1.5613,0.3324,1.4602,0.59188,0.26191
0.3676,1.0464,-0.33043,-0.589,-0.74973,1.8722,0.35655
6.0423,1.8704,2.8208,0.020417,1.6623,0.75118,1.9118
7.3823,0.8815,1.1963,0.93683,3.3952,1.448,2.2884
4.5369,1.3577,0.96697,0.52832,2.0168,-0.16414,2.7435
4.6252,0.73709,2.0121,0.35477,-0.076812,-0.65829,2.6414
5.0958,-0.94834,0.079642,0.55652,1.6321,-0.58134,2.6752
2.6415,0.5434,2.2155,2.493,1.144,0.91546,3.5099
3.5357,1.7998,0.54533,-0.45364,0.012992,1.1981,1.2658
4.5127,0.64353,2.6154,2.4613,1.2038,-0.7636,2.0864
5.039,1.3979,1.1615,2.2209,1.9408,0.27258,1.5876
3.6991,1.0057,1.9506,-0.77098,1.6047,0.55141,2.4866
3.4921,1.2479,0.79713,-1.1182,1.3168,0.84437,1.2471
4.0966,0.5151,1.6308,0.30864,0.1412,0.59305,0.62366
2.1547,1.4543,0.91907,-1.3046,0.65118,1.2952,-0.31539
3.6991,1.731,0.67274,-0.21422,-0.41842,-0.93936,2.6795
1.8658,1.9297,0.49768,1.1707,0.28523,-0.044727,1.0007
0.58671,-0.44911,-0.61273,-0.38205,-0.85468,0.13853,0.73404
3.4031,0.63145,1.115,3.7266,1.834,1.0326,3.4857
3.9203,1.1024,0.47219,3.5464,1.2093,-0.31337,2.8273
4.7734,0.0043136,2.2215,5.5391,2.3792,-0.28858,4.4069
5.1105,1.3139,-0.040906,4.4457,1.7283,0.89886,4.9089
3.6175,0.82157,-0.4136,4.4551,1.8487,-0.5027,5.4418
4.9949,1.6314,-0.86524,3.7531,0.46989,-0.99706,5.5189
3.3347,-0.97821,-0.51676,3.3125,4.4017,-0.54911,0.63683
3.1556,0.87461,-0.11736,2.6349,2.4713,0.40812,1.5584
-1.0732,0.34567,1.241,-0.22395,0.59889,1.5732,1.7147
-2.9849,0.29477,2.3861,0.67896,-0.59587,0.11242,1.7913
0.86176,0.15629,1.2961,1.5036,-1.0916,0.088096,1.3348
-0.27762,0.35991,1.1479,-0.037225,-1.0431,-0.37725,1.363
-0.47883,-0.2708,-0.41307,-0.7251,-2.8818,0.4177,1.4024
1.5704,0.28344,0.8025,0.33031,-2.4309,-1.0401,1.1987
-0.51366,0.95143,-0.25646,-0.44933,-1.5066,0.61139,0.87135
0.21396,-0.48098,0.22903,-1.5147,-1.8071,-1.8762,0.45819
0.74995,-0.80936,0.55985,1.8733,-0.96912,-0.4335,1.6527
2.1358,0.80004,-1.2883,0.05556,-1.1528,-0.11123,0.61478
0.54187,-0.051119,0.0015543,0.34074,0.42192,0.45339,0.39003
0.72621,-0.19774,-1.3644,1.0906,1.2694,-0.14829,1.8819
1.0933,1.6458,0.62083,0.86761,-0.35612,0.50109,1.7489
3.6505,0.34951,0.40002,0.29063,1.5372,0.66568,0.18743
2.2003,1.6268,1.0037,1.2453,1.3167,-0.72383,0.89574
2.4973,0.44984,-0.37599,0.072069,-0.16791,-0.030854,0.1254
-0.85233,1.4299,2.8435,1.3922,1.3235,1.6962,2.1702
0.66694,1.5439,0.76207,1.4284,1.823,1.2525,2.8998
-1.2444,2.0029,-0.26303,1.0923,0.43377,1.2655,2.147
1.0356,0.34712,3.103,2.2056,1.1698,0.71135,1.6879
0.29323,1.1734,-0.73511,1.3675,0.11198,-0.74295,0.84599
2.2446,0.44235,0.61956,1.0925,0.86643,0.72137,-0.071037
0.66537,0.60782,0.5512,1.0584,4.7907,0.34613,1.2332
4.8728,0.34237,2.2118,1.6638,3.6568,1.2993,1.0992
1.62,1.6062,1.0519,-0.65951,-0.35052,1.3409,0.94026
0.74693,1.4068,1.8838,-0.96565,1.4634,0.83632,2.0406
-0.54539,1.5231,2.761,0.82367,-0.34845,0.76323,2.0773
-0.44124,1.7158,0.36458,-0.27643,0.56942,0.82552,0.51861
0.29907,2.1947,3.1062,0.8732,1.5141,-0.91349,1.4236
0.25805,0.57805,0.93726,0.31234,0.3251,0.14154,2.3555
-0.34349,0.46289,1.2411,-0.91664,1.6303,2.7581,0.95155
2.4411,1.0923,1.6781,-0.46094,1.7135,1.5042,1.4257
1.3465,1.7606,1.369,1.1624,2.7108,1.2417,1.7179
-0.72274,0.91676,2.1939,0.94896,-0.5643,1.6433,0.48175
1.8483,1.3001,1.9332,0.51386,2.2783,1.5409,1.67
3.0674,1.0844,0.85505,0.11725,3.8361,1.3291,1.1886
3.2319,1.6491,3.4988,3.7632,4.1185,1.2558,3.1443
3.503,1.7449,2.5178,3.4959,1.7383,2.064,3.745
4.9506,2.105,2.4778,1.8358,1.0511,1.4647,2.2086
4.5864,1.6376,3.3439,0.94353,5.9273,1.8422,3.8027
-3.8433,0.2043,1.2009,0.040351,0.31471,0.081851,-1.283
-3.3798,1.0233,0.5508,-1.1512,-0.37161,0.32809,-1.8195
-2.7711,0.93588,-1.6414,-1.7384,-0.12306,0.55258,-1.5914
-2.6112,0.66475,2.0069,-0.61943,-1.9661,0.73802,-2.1244
-1.7566,-0.18267,1.5471,-1.4093,-3.3135,0.98944,-0.95655
-1.8536,0.1902,-0.41721,-2.3412,-3.0341,0.074088,-1.4167
-1.3343,-0.2428,0.74108,-1.0576,-2.5709,-0.88002,-0.32291
-2.6942,-1.1778,-1.5927,-2.3993,-4.0162,0.14567,-0.54099
-5.4093,-1.0343,-2.4182,0.60027,-3.6862,-1.7104,-1.9502
-7.1924,-2.1449,-0.79148,-1.505,-3.5936,0.16476,-1.9529
-5.1426,0.33939,-1.2927,-1.2962,-3.0227,-0.32235,-1.0126
-6.4504,-0.62392,-2.495,-0.01351,-4.0619,-0.37572,-1.8122
-6.5167,0.28885,-0.5453,0.41961,-2.6585,-0.021345,0.07438
-5.6113,-0.61119,-0.83136,0.22487,-0.16071,0.1657,-2.0286
-3.4763,1.2145,0.17125,1.1393,-0.085147,0.092418,0.077648
-4.3561,1.1547,2.0462,0.91381,0.80666,0.34908,-1.1206
1.2099,0.68771,1.2589,-0.7914,0.42794,1.1575,-1.0502
2.5953,0.26706,3.1166,-1.6146,2.9514,0.56415,0.3681
2.1493,1.8016,1.1644,-0.6862,1.2097,1.4899,-0.74728
-0.66999,1.3582,0.41341,-0.36708,2.0409,1.171,-1.2318
0.22502,0.45033,0.89432,-0.89055,2.2628,0.54429,1.9317
0.3755,1.0291,-1.2613,0.50587,0.18059,0.73763,0.42008
-0.71776,0.99469,0.96583,-1.3334,1.0089,-0.23749,-0.50605
-0.033595,2.0219,-0.50325,-0.60668,1.9791,1.6955,0.88861
2.3706,1.4084,0.63225,-0.67152,2.0812,1.3608,-0.69489
4.221,2.0669,2.5947,0.29097,2.8155,1.566,0.38692
3.1774,0.93301,4.2917,-0.91845,3.4284,0.10205,1.1154
4.2326,2.2893,3.3026,0.22566,2.5682,1.0036,1.5756
2.5484,2.2495,3.3307,-0.32714,2.0483,2.1069,1.9908
1.6384,1.9554,3.163,-1.3148,0.64542,1.0805,1.2359
4.9205,2.5274,3.9879,0.57923,4.3749,1.9992,-0.25435
3.8925,1.3212,3.6739,-0.40547,1.1691,1.0843,-2.2116
5.9067,0.93268,2.1337,0.089871,1.7609,0.21448,2.5963
4.0368,0.90202,1.0174,-0.53364,1.5121,0.41402,1.0399
5.5285,0.71138,4.4212,-0.59078,1.0511,0.85888,0.13618
5.3012,1.5111,4.2203,0.53037,1.0109,1.8907,0.98868
3.3178,1.344,3.0579,0.064942,0.46819,1.3315,-0.062891
3.1414,2.3986,5.8645,1.8415,2.6206,0.81123,3.1382
2.1244,2.2222,2.422,0.75191,0.93837,1.5476,0.91462
4.2753,1.5795,2.0106,0.60965,-0.42503,1.0098,1.5143
0.70291,-1.3048,-0.1682,-1.5856,1.8258,0.22182,0.15069
-0.14899,1.3286,2.5174,-0.65385,2.0941,1.9089,1.1652
5.4909,0.26731,2.8894,-0.5068,1.3699,2.6838,-0.21613
1.036,0.45845,3.8604,0.93419,1.2178,0.78193,0.868
3.1636,1.0254,0.96549,0.094241,0.90691,1.6798,-0.5419
3.3883,1.5323,5.8903,0.78496,3.4634,0.2477,1.1346
3.8169,2.0611,3.8102,0.79428,2.3325,2.3008,1.205
3.1363,2.864,3.4922,-0.16105,2.2421,1.8958,2.4352
2.4947,-0.20913,0.47693,-0.38464,0.94982,0.85076,0.51182
2.7278,0.13919,1.6996,-0.46419,1.2782,-0.33158,-0.48313
1.0117,-0.68431,1.6202,-2.0246,1.1827,-1.0212,0.15196
-0.58352,-1.1184,1.6385,-0.9833,-0.20992,-0.91927,0.31166
-1.5835,-0.44675,2.2387,1.8825,1.2764,-0.98195,0.80437
0.46475,0.26518,1.4402,0.96156,0.49058,-0.2016,2.2663
-2.5227,0.24225,0.68652,-0.54747,0.71872,0.19586,0.7767
-0.064804,1.3895,1.4596,2.5789,2.1125,0.23485,1.934
3.249,1.3903,1.2916,-0.70894,1.9083,-0.14609,-0.035655
3.2282,1.0409,0.33766,1.2126,2.2035,0.66548,1.3731
0.96341,-0.93721,-0.8115,-0.92167,0.99616,-0.091688,1.5887
3.3718,0.67575,2.2267,0.015943,1.4675,1.6552,-0.5266
2.1529,0.89464,1.1799,-0.15964,0.088336,1.2029,-1.5606
1.4962,0.79997,1.5896,-1.7781,-0.059673,0.26553,-0.61775
3.5451,0.5797,3.037,1.252,3.1181,0.36103,0.31884
-0.88785,1.3486,4.1926,0.83199,1.1649,1.1184,0.23369
4.8189,1.8287,1.1052,0.53414,2.3936,-0.66066,1.3569
5.5545,-0.75179,1.5194,0.19588,1.9302,-1.1329,1.108
3.942,1.0321,0.31505,0.83298,1.043,0.13821,0.42013
1.0396,1.6256,-1.4053,0.052065,-2.0699,0.92145,-1.0227
4.7167,-0.22272,3.7684,0.37438,2.1383,-0.4473,1.3256
1.2246,-0.24845,1.8398,-0.35076,0.090355,0.13056,-1.0748
1.4077,1.1751,3.1973,0.21595,0.83384,0.96012,0.12105
3.1405,0.69464,5.6119,1.1801,2.8061,0.72764,1.8773
2.4538,1.2617,2.9692,1.913,3.8334,1.1666,1.3871
3.7439,1.2681,2.4188,0.84954,2.2766,1.7757,-0.35942
3.2934,1.2693,3.2224,-0.42306,2.0323,0.67773,1.0443
4.7107,1.2838,2.3838,1.2024,3.3423,-0.50131,0.82811
4.3,-1.0976,0.99379,0.51016,4.0705,-0.13468,-0.81668
3.1124,0.80292,3.49,0.26688,3.2061,1.8841,1.1977
4.5093,2.4124,3.8874,-0.86153,5.3052,0.80679,0.36167
5.8236,0.13525,5.565,2.1669,3.9666,1.4901,2.4672
-0.30528,0.21983,-0.073465,-0.5513,-1.6224,1.5761,-2.0856
-1.6332,0.7496,-1.4994,-0.12748,-1.1742,-1.0525,-1.1265
-2.0466,-1.2069,-4.0637,-0.28853,-2.7895,-1.7964,-0.9319
-2.5628,-2.511,-1.8984,-1.5729,-1.8981,-1.9543,-0.13685
-4.39,-1.8886,-2.5607,-3.3395,-2.6499,-0.60451,-0.78903
-5.2246,-0.027077,0.19874,-1.4939,-2.6855,0.17124,-2.5062
-6.4022,0.21239,0.42819,-1.4453,-1.9136,-0.21,-0.92828
-3.8141,-1.2282,0.59384,0.6577,-0.29699,-0.66123,-1.3998
-2.3948,0.42721,2.613,0.3793,1.5449,0.4929,0.35239
-0.68089,0.097043,1.7195,-0.34184,2.9866,0.11721,-0.31062
0.14815,2.1688,3.0205,1.7425,1.7116,0.47685,0.87986
-0.35502,1.311,1.0991,-0.2296,1.2835,0.40558,-0.21685
1.1401,0.21665,2.08,1.7317,1.1854,-1.2551,0.19644
0.15916,0.05319,0.15325,0.57485,-0.41887,0.20575,2.0966
-0.30372,-1.2195,0.24299,0.7486,0.22118,-0.85512,0.37091
1.2852,-0.36802,2.1941,0.38611,0.97065,0.18712,0.79681
-3.449,-0.28526,-0.45866,-2.3094,-3.3725,-0.893,-2.5172
-3.8779,-0.4981,0.28182,-2.3161,-3.3235,-0.37586,-2.2045
-3.6823,-0.68845,-0.67737,-1.5231,-3.9194,-0.39962,-2.694
-3.557,-0.7957,-0.44243,-3.0869,-3.1222,-0.21381,-4.3549
-3.807,-0.14026,1.2817,-2.869,-1.5605,0.53768,-2.3522
-5.2117,-0.81738,1.3099,-0.088861,-0.99675,-0.025865,-3.2465
-3.2817,0.11184,-0.65378,-2.2605,-1.3895,-0.07631,-4.4118
-0.99144,0.26537,0.565,-3.3758,-1.3376,-0.96056,-4.0706
0.41509,0.70113,0.18095,-0.57657,-0.42415,-0.34447,-1.5572
0.0016994,-1.1435,-0.2777,-1.7593,-0.98337,-0.26154,-0.56081
-1.9747,-0.33441,2.1339,-1.8184,-0.5033,-0.64439,-1.7234
-2.4905,-0.54879,2.1866,-3.6017,2.3287,-0.64531,-1.424
-1.039,-0.41787,1.3213,-1.2641,-0.017538,0.53857,-3.6614
-1.5347,-0.51461,1.6121,-2.8532,0.59349,-0.28745,-2.1211
-1.6274,0.59202,1.3997,-3.3411,-0.81418,-0.86127,-2.0226
-0.85266,-0.27865,0.78064,-2.1408,1.3331,0.22629,-3.2525
-1.1453,-1.5642,-0.50489,-1.4485,-0.70871,0.0083657,-0.46522
-2.1253,-1.2026,-0.17346,-1.6011,-0.068013,-0.21049,-2.1762
-2.8548,-1.2957,-2.0237,-1.9268,-1.8645,-0.68898,-2.4986
-6.6769,-1.8973,-0.3514,-1.9905,-2.578,-0.77786,-2.039
-4.6031,-0.68477,-1.5474,-1.4735,-3.0758,-0.60099,-2.2902
-6.401,-0.83578,-1.6102,-1.2298,-2.4659,-0.16533,-3.08
-5.1849,-0.53225,-0.6467,-1.737,-1.4525,-0.94323,-2.2592
-5.7877,-0.47892,1.1534,-0.24247,1.6704,-0.03113,-1.0035
2.7234,1.3797,0.82689,-1.4371,-0.23307,1.2975,-0.6164
2.7251,-0.26932,2.5504,-0.7832,-0.041995,0.53066,-0.91028
2.4687,0.49788,2.8324,-0.51471,0.68011,1.4445,-0.91133
2.4295,0.40769,1.8775,-0.59163,0.18333,0.084785,0.47176
0.56889,0.91077,2.679,-1.2127,1.2008,0.84744,-1.1828
2.7084,1.1281,2.9873,-1.3026,0.78048,0.74793,-0.29239
1.5258,0.99178,2.8291,-0.66224,1.7881,0.9757,0.21747
3.4099,1.4547,3.2485,-0.1622,1.574,0.68812,0.3929
3.3212,1.4015,1.9627,-0.22872,2.7217,1.6553,1.5413
3.9411,1.0371,3.4209,-1.4237,1.9102,0.67902,1.1188
2.3755,0.095825,1.4198,-1.4706,0.50144,-0.80183,-0.15716
-0.13069,-0.17263,2.7441,-0.85283,-1.0031,-0.65265,0.11387
0.041288,-0.73579,1.7608,-1.8899,-1.3272,-0.11104,-1.1627
-0.82473,-0.74131,3.1473,-0.75874,-1.7481,-0.39488,-1.6084
-2.3369,-0.052797,2.2422,-2.1507,0.063317,0.27223,-0.13666
-3.4608,0.94522,1.8509,-0.83079,-1.7147,-0.078479,-0.60109
5.111,2.3192,1.5665,2.2387,1.6262,1.0178,0.94477
4.0811,0.13703,2.0982,1.6517,2.9682,0.044469,1.8282
4.4845,0.53836,2.4022,0.75905,4.2976,1.273,1.4569
6.736,2.5573,3.4165,1.6966,1.6771,2.3904,-0.084221
6.3113,2.5173,6.4553,1.4197,3.4719,1.6474,1.1733
8.2776,1.3881,4.857,0.31525,3.3088,1.3937,0.86588
6.3665,2.1083,5.3432,1.8004,1.8702,2.7626,2.2621
8.2,3.0251,5.3242,0.28726,4.0967,1.7459,2.5765
-0.97916,-1.388,-1.1123,-0.30269,0.077287,-1.1287,-1.6132
-2.3554,-0.44576,-2.1755,1.7173,1.3015,-0.34443,0.024562
-2.604,0.80447,-1.1679,-0.66507,-0.26525,0.37325,-0.26207
-2.9862,0.80744,-0.25148,-0.97049,0.048097,-0.3707,-0.14067
2.1224,-0.43092,1.245,0.85666,2.8866,0.4135,-0.65377
-0.63007,0.18358,1.6454,1.2071,-0.34705,0.21929,-0.72795
1.8444,1.0196,3.0108,-1.3988,0.84923,0.74349,0.098859
1.1853,0.37155,1.73,0.5106,2.1783,1.0607,-0.11182
0.80027,0.61998,2.12,0.85718,0.41583,2.2073,0.47282
1.3537,1.5405,0.73214,-1.2098,0.56961,-0.24289,0.1836
0.46984,1.1396,0.99844,-0.74674,0.039598,0.61075,0.43565
0.88366,-0.71178,0.62832,-0.75444,0.47718,0.30678,-0.66812
2.1244,0.34012,0.89417,-0.63881,-0.91039,0.40887,-1.3964
-0.0019303,0.45631,0.97173,-2.478,-0.23767,0.37321,-0.61119
0.7046,0.43377,1.2767,1.0195,0.43871,-0.60845,0.72394
-0.50111,0.82089,2.1998,0.16262,0.41367,0.52333,1.6325
3.9406,1.9915,0.56277,0.13275,2.186,0.39075,1.2245
4.4756,1.9939,1.4971,1.1864,0.99718,0.24441,1.4131
5.9646,-1.052,1.3502,1.8745,2.8892,-0.046946,2.2782
3.2012,-0.17084,2.0052,0.57264,2.2399,2.9085,1.7364
3.9832,2.0578,2.913,0.081925,0.90103,2.5904,0.89027
2.6273,1.7115,2.9643,-0.21975,1.8318,0.46688,1.0827
3.7632,0.063731,2.9135,1.6438,1.5893,0.42644,2.3256
3.3614,0.33853,2.2059,0.030292,0.74138,0.86129,0.022963
0.59025,1.4455,-0.18444,-0.083608,1.2062,0.33379,1.1206
3.765,0.56074,1.8437,1.9736,2.9182,1.6064,1.2785
5.4839,2.2119,2.6405,1.4855,3.5052,2.1115,0.49533
4.2763,2.0267,0.64799,1.5162,1.5795,1.2194,1.7201
4.7173,2.2285,0.89349,1.1779,1.5288,-0.14,0.88681
5.3111,1.0275,3.2527,2.3272,3.1292,0.28419,2.5596
7.405,1.5953,3.1716,2.3782,4.4323,1.9495,1.8121
7.4452,3.5384,2.7914,3.3575,2.4093,2.221,3.1755
2.1785,2.1331,0.21493,2.3515,1.0122,1.0439,2.3119
2.5858,1.8019,0.31362,2.0426,1.1574,1.6148,0.84479
2.6849,1.26,1.4494,1.991,2.8886,1.5849,2.5163
4.0099,1.9127,0.43095,1.514,2.1256,0.34185,0.85481
1.8704,1.0004,0.89268,1.5607,1.271,1.5088,2.2176
0.5472,1.2269,0.56384,1.9622,1.667,0.346,0.96426
2.8084,1.4285,0.75617,3.0938,2.9052,1.4458,2.5384
1.2004,2.4133,0.50498,2.8986,0.039042,1.0138,2.1122
4.7678,0.72544,0.081238,1.0011,1.2881,0.80743,1.6695
3.1808,1.2862,-0.77401,1.4619,1.7247,-0.29967,1.5937
3.2672,-0.82986,-1.5263,0.24012,0.24813,0.18535,1.2593
1.8296,-0.01182,-2.2311,-0.020125,0.78184,0.41335,0.68253
2.0922,0.078851,-1.2545,-0.12339,0.73315,-0.35679,-0.018968
0.97993,1.6318,-1.5376,-0.0067526,1.3525,0.9682,-1.2019
-0.65385,0.50682,-2.0888,-0.41528,0.32129,-0.093563,0.45758
-0.41726,0.59528,-2.3963,0.68949,-1.3749,-1.1159,-1.051
1.1981,-0.098709,-0.75663,2.1644,-0.091507,-0.17633,0.67502
1.393,0.89863,1.4513,0.48598,-0.57802,0.34893,1.8925
0.16815,-0.058979,0.62492,-1.6239,-0.2145,0.49917,0.9395
2.0338,-0.54431,-0.48266,0.052646,-1.0524,0.48287,0.14699
0.75501,-0.020499,-0.13653,0.20446,-0.97895,0.91927,1.3586
1.582,0.36531,-0.31919,0.65935,-1.3058,-0.83648,-0.18738
0.54678,0.033476,-0.74243,0.34864,-2.1644,0.13367,-0.1324
0.077249,-1.6675,-1.7489,0.16837,-1.6534,-1.4077,0.33242
-0.62879,0.49356,1.3848,2.2558,0.55136,0.81335,1.0603
0.23276,1.059,0.99303,0.54312,-2.1238,0.98295,1.1698
-1.2017,1.8779,2.615,0.54508,-0.63156,1.7066,1.8767
0.80383,0.8893,2.1853,1.7675,1.4526,0.44831,0.69683
0.94953,1.3,0.8259,0.12042,-0.27449,1.1519,0.77741
0.68859,1.2831,0.37264,0.17681,-0.081365,1.5016,0.95841
3.4096,1.1085,1.7833,1.3283,1.8122,1.1075,0.90514
3.1149,1.8189,1.2127,2.1575,2.8813,1.5405,1.7196
-0.9518,0.48513,-0.4139,1.5906,-2.1163,-0.024219,1.7187
-1.1995,0.96807,2.186,1.4242,-0.090824,0.1308,1.848
-1.5339,0.41649,1.6699,2.4265,-0.70003,-0.073175,2.2848
2.2047,1.1012,3.1482,1.4764,1.471,0.027033,2.7177
1.5237,0.2882,0.9019,1.037,-0.019598,0.57273,0.92643
2.4187,0.73388,1.9329,0.038597,0.66527,1.7501,1.3184
3.6416,0.69522,2.278,-0.022325,1.2136,1.02,1.6214
1.8034,0.76149,1.556,1.1343,-0.51873,-0.32088,0.91339
0.22994,1.4337,0.98265,1.4252,0.37009,1.2988,1.4922
4.3722,1.1137,3.8528,3.9056,3.591,0.72518,2.9123
3.6053,1.9626,2.0441,1.6463,1.3832,2.2236,2.3382
5.0111,2.4628,2.0403,1.7075,3.0313,1.5824,2.1727
4.9743,2.2121,5.0958,2.7959,3.9372,2.0396,3.3962
6.9956,1.7561,2.6903,3.8905,2.5516,0.89559,2.6185
6.6605,0.53026,3.3324,1.6642,1.93,0.28392,3.3809
8.3988,2.872,2.1508,2.7737,2.3089,1.3789,3.0415
4.9688,2.449,2.3189,2.0029,2.8928,-0.28248,5.0544
5.8385,1.5173,2.546,2.7201,4.0388,0.59104,4.3741
3.5487,0.99852,0.86182,1.3067,1.8292,0.15507,3.1683
3.153,0.81213,2.1517,1.4597,1.69,-0.17724,2.046
5.1807,1.5811,-0.10748,1.1668,1.7766,-0.14649,1.8226
5.2634,1.1942,1.8005,1.6514,2.3534,0.68496,3.1072
3.86,0.031202,1.1406,1.1693,0.9842,0.43172,1.8577
4.5229,0.29255,1.6004,1.2188,1.9769,0.34221,2.2984
3.0778,0.44506,2.4325,1.7006,2.1873,0.39464,1.9259
4.9615,1.0116,1.6167,2.6395,1.4176,1.0996,3.1519
0.49755,1.2535,1.9218,0.31605,-0.26601,0.48122,1.3098
1.9637,0.98892,1.5061,1.257,1.0719,0.69454,2.5811
3.5848,0.42188,2.199,2.498,3.3079,1.4055,2.5077
3.6456,1.8746,1.4555,3.6536,2.1752,0.6421,2.7593
3.228,1.8326,2.043,1.366,1.0625,1.329,3.6023
3.8252,0.80068,0.70111,1.1038,1.388,0.94357,2.8501
2.2122,-1.1424,0.41838,2.7402,-0.73133,-1.0014,0.83886
-1.2358,-0.27201,0.28384,0.63986,-0.82865,0.5083,1.1577
-0.33697,-0.16254,-0.61807,-0.1355,-1.1218,-0.10139,1.9707
-0.15315,-0.9334,0.57155,2.3143,0.58219,-0.19216,1.2692
1.3894,0.47501,0.76262,1.4275,-0.83872,0.69586,1.9085
0.89438,1.1735,1.526,0.27857,-0.33864,-0.64717,0.94709
-0.036681,-0.81301,-0.55202,1.1694,1.3767,0.54302,0.46819
2.3205,1.6675,-0.19075,0.57831,0.23144,-0.0017209,1.7511
1.3081,0.0041836,-1.1777,1.609,-0.88842,1.4404,2.5758
1.3126,-0.61571,-1.5616,2.551,1.4589,-0.28047,2.216
1.5346,-0.49476,1.7413,1.577,1.5027,-0.92932,1.8981
1.4029,0.64357,2.2266,1.9724,0.23007,1.4565,0.44119
1.9798,0.9438,1.538,-0.019099,-0.31511,0.50522,2.0445
1.0524,0.72423,3.2984,1.5568,2.1738,0.14878,1.3116
3.1428,0.41532,1.5014,2.2141,2.1621,1.456,2.5952
1.4458,1.121,0.65554,2.9435,1.7989,0.86191,2.266
0.24609,-2.0672,1.2429,-2.6109,-2.3176,-1.075,1.6946
0.31824,-1.6455,-1.4641,-1.9205,-4.3689,-0.73177,1.9805
0.08762,-0.5592,-0.79394,-0.9466,-4.2304,-0.59518,-0.22375
-1.8001,-2.8452,-0.4792,-0.41794,-3.9737,-1.3323,0.40064
-3.3924,-2.465,-1.3207,-0.40635,-4.4795,-1.5931,0.16832
-2.3183,-1.3863,-1.1235,-0.47342,-3.7149,-1.1435,0.91626
-4.0791,-1.1041,-4.1018,-0.15847,-4.4838,-0.63629,-0.91858
-5.1737,-1.6295,-3.6136,0.59342,-3.0904,-1.2896,-0.25441
-1.2445,-0.88247,-2.2732,-0.018099,-1.6687,-0.31682,-0.56278
-0.83074,0.45334,0.73061,0.35472,0.019853,-0.23734,1.5874
-2.8964,-0.71767,-1.0295,-0.85688,0.38019,0.65433,-0.66531
-0.22516,-0.23767,2.3258,-1.1118,-0.54966,-1.456,1.1807
-1.1125,-0.73261,-1.7713,0.053433,0.19216,-0.83802,-0.084995
-2.4433,-1.0601,1.1398,-0.40615,-1.5567,-0.16709,-0.58558
-0.16745,-0.76514,0.21453,0.37676,-0.87947,-0.48251,0.37057
-3.3009,-0.843,-0.81679,-0.85531,-1.1423,-0.27511,0.17942
-1.6877,0.76924,0.51388,0.027819,0.58148,1.7599,0.10304
-0.19941,1.2712,2.0873,1.0472,1.596,1.3164,-0.43176
-1.1123,0.44617,1.5264,0.2519,0.8516,0.32896,1.4005
-1.7433,1.172,1.059,0.0035061,1.2481,0.90404,2.452
2.053,0.76631,2.3521,0.24292,1.535,0.93793,1.883
0.61413,0.17277,2.3531,-0.68139,1.2976,1.2601,1.9986
1.9693,0.46299,2.163,0.43053,-0.27715,0.88374,2.0353
3.9032,0.61174,1.4452,0.96296,0.61589,1.6035,0.63489
3.0776,1.6731,2.4736,1.5386,1.9708,-0.084139,0.59381
1.1915,1.0632,0.949,0.084122,-0.22005,1.1542,1.8977
2.387,-0.94457,1.1074,-0.4721,1.5853,0.83732,1.1016
3.3913,0.7423,2.2541,1.6338,1.1201,0.68987,2.0451
0.58691,0.47158,2.7871,0.34096,-0.15937,1.9594,0.7515
0.81709,1.0919,1.3469,-0.086892,1.8097,1.0618,1.7799
3.2372,1.3682,2.8557,1.4905,1.8762,1.2258,1.483
1.8861,1.4013,3.1636,1.6718,1.2268,1.8718,1.8047
-2.1979,-1.9394,-4.0683,1.0633,-3.2802,-0.55492,0.030931
-3.0587,-2.9029,-4.8179,0.57979,-2.7272,-3.0422,-0.31057
-3.0368,-0.9951,-3.4671,0.41579,-5.0425,-0.85285,-0.57452
-3.083,-0.5843,-1.7302,1.8072,-3.4618,-0.062234,-0.075305
-1.0737,-1.5221,-0.85371,-0.17335,-2.4826,0.070126,0.60707
-1.4934,-1.1498,-1.4881,1.2304,-0.41952,-0.56738,1.8577
-1.7836,-0.045043,0.81022,1.0456,-4.0885,-0.49863,1.3473
0.16475,-0.17522,-0.048633,-0.34629,-1.6008,-0.34282,1.1215
-3.3508,-0.67272,1.1154,0.39791,-1.0971,-0.68124,0.13895
-0.62189,0.99461,0.050707,0.068427,-2.3937,0.53941,0.36065
-2.0128,1.6082,-0.4739,-0.36472,-1.4114,0.081137,-0.32046
-0.74871,0.39567,-0.15608,1.3197,-1.2583,0.18149,0.45362
-3.5227,-0.74227,-0.8382,0.5507,-2.6699,-0.99271,0.46223
-2.2768,0.62638,-0.26096,0.21002,-1.9883,0.97284,1.6394
0.32298,1.9311,1.344,0.17913,-1.8282,1.3957,0.22941
-1.5604,1.0979,2.0853,1.0084,-1.8412,-0.090008,0.21476
2.8874,0.2282,0.49581,1.6553,2.2091,0.69813,0.37752
-0.025349,1.0665,0.75478,1.5238,-0.0071796,0.072419,1.949
2.3538,0.040654,0.24121,0.46008,1.412,-0.017844,2.2404
1.3277,-1.2847,1.2321,2.8282,1.5504,-1.0712,1.9378
1.9435,-0.77093,1.1564,1.5523,1.7631,-0.25956,1.032
2.1164,0.43403,2.126,-0.44223,0.32198,-0.66059,0.53588
4.5843,-0.20874,2.0399,0.97465,1.0607,-1.2811,1.3889
2.7124,0.071338,1.846,0.65672,1.503,-0.36727,0.93651
2.7811,1.571,2.4247,1.7335,1.5936,1.5108,3.4144
1.9509,0.76278,2.0343,1.0439,1.1767,0.86785,3.2489
4.1746,1.791,2.1341,1.1483,2.2347,0.91797,1.8053
1.2396,1.5099,2.4272,1.4706,0.12909,1.6352,1.0124
2.1477,1.2146,1.0419,1.6301,1.9766,0.36283,0.54195
4.3585,1.2038,2.5779,2.4061,2.1315,0.70446,2.159
1.1074,-0.41866,1.5886,2.6184,1.4152,1.1403,2.3336
0.37374,1.6809,2.6425,0.4097,2.1681,1.9289,1.6094
1.3016,0.15297,1.7623,0.99884,1.3894,-0.26594,0.93346
0.81489,0.97851,1.4641,0.63592,1.6113,-0.061919,2.2805
1.9521,1.7321,0.47908,1.9475,1.4279,1.0177,0.68774
1.5402,1.3359,0.70841,1.4904,0.21849,-0.85601,1.5003
2.2516,-0.54381,0.62449,0.79079,0.64339,-1.1987,1.17
4.8575,-0.49624,0.65337,1.6091,0.37128,0.12959,1.4287
-0.03647,0.32133,0.94794,1.3477,-0.14831,2.1226,0.84768
0.8921,1.5736,0.91749,-0.093635,1.3616,1.829,0.7053
0.43592,1.3481,4.1377,2.2168,1.1322,1.6185,1.8137
0.3476,2.5151,1.9008,1.2463,0.15321,0.42513,1.7954
3.058,1.0157,2.88,1.8067,1.6099,0.48346,0.86678
2.7776,1.3826,1.796,1.0092,0.62147,1.0074,3.0438
3.1652,1.7009,2.6578,1.9382,0.30526,1.694,2.0533
2.4056,1.7551,2.2064,1.9278,1.8321,-0.031653,1.8388
1.0867,0.93336,1.3296,0.91676,0.028066,1.1616,1.4175
2.8005,1.1046,1.8108,3.0105,0.74079,0.13556,1.1905
0.99385,0.35386,-1.153,-0.29554,2.0014,0.48943,-0.39474
1.0371,-0.94435,-0.86679,0.23534,1.0465,-0.83867,0.55168
0.46447,-1.467,-1.8552,0.023687,0.5614,0.22371,0.2642
-1.4085,-1.7793,-2.1261,-0.52661,0.66768,-1.0954,0.4076
-1.6887,-0.69544,-3.3411,-0.79874,2.3642,-0.39891,-1.507
-2.7416,0.15639,-0.19565,0.074786,0.66153,-0.90554,-0.44787
-1.7959,-0.79458,-2.6188,-0.4268,-1.2075,-0.74176,-0.29221
-1.9498,-1.864,-1.3425,-0.30755,-1.1998,-0.16117,-0.86684
1.8594,1.1785,0.70698,-0.91315,-3.8998,0.50233,2.4433
0.71212,1.2545,-0.31004,-0.50029,-4.3595,0.28744,1.9714
1.5597,-0.26799,1.243,1.2413,-4.3042,0.58884,1.4769
0.1107,-0.90155,-0.19374,-0.35934,-3.117,-0.16847,0.62065
0.088251,0.25624,-0.11315,-0.93561,-2.4126,-1.2848,1.2476
-0.62554,0.0080525,-1.2499,-0.89303,-4.8002,-0.635,0.084549
-1.2524,-0.0015107,-0.044534,-1.1097,-3.7194,0.4338,0.13528
-1.9539,0.083923,-0.28202,-0.23445,-3.0068,0.023326,-1.031
6.6114,1.0945,4.3208,3.6339,4.6217,0.75906,4.0254
7.3296,2.7741,4.412,2.5508,1.8616,1.6057,1.1571
7.4787,2.4385,2.8158,1.3343,2.0793,0.018993,2.1732
8.374,1.1792,4.0814,0.42234,3.4903,0.704,3.8404
5.9819,0.84095,2.0442,1.4799,1.9518,2.056,3.6863
4.6218,1.0733,0.40232,1.3099,2.6843,0.58838,1.5123
7.8068,1.8613,1.247,0.080098,2.5029,1.1596,2.3281
3.3096,1.7665,-0.3864,-0.10795,1.0784,0.10321,1.2521
-1.1413,0.18724,2.3665,0.53414,-0.61941,0.43636,2.1488
-2.4227,1.3332,1.4723,1.1537,0.04046,0.77791,0.8806
-1.4515,1.7154,1.8194,-0.060144,-0.83748,1.0009,1.0101
0.53098,0.7868,1.2056,1.152,1.3438,1.2449,0.23168
1.6223,2.3294,1.3296,0.88673,-0.98847,1.4644,-0.077836
2.6854,0.15135,0.63626,0.82985,1.0145,0.14351,1.3749
2.5866,0.99798,3.2468,2.1467,2.976,1.0602,0.92432
2.7099,1.7278,1.7367,1.6806,0.79567,1.506,1.211
1.1471,2.1762,1.6365,0.87385,1.5786,-0.081754,0.7655
2.2181,-0.52264,1.9156,0.73948,2.5993,-0.32872,1.9481
0.91427,-0.013261,1.5311,1.2824,-0.031532,0.63272,1.6128
1.6448,1.1688,0.9956,0.10009,0.26744,-0.1864,0.61198
0.20353,0.1638,0.18513,0.74729,-0.23214,-0.90628,0.75838
0.36146,0.30427,0.77915,1.4395,-0.024203,-0.454,1.3312
2.0052,0.8828,0.2888,0.61372,1.3662,0.95147,3.6693
0.85117,2.0116,0.87119,2.4672,1.0563,0.7529,4.3861
-0.30351,-0.88484,1.0611,-0.95602,-2.7399,-0.38476,-1.0699
-2.5084,-1.1663,-0.61576,1.1348,-1.9041,0.22151,-0.66618
-2.0149,-0.2928,0.4148,-0.86717,-1.4478,0.20395,1.1117
-0.83329,0.20324,0.22381,0.61718,-0.52498,-0.29535,0.713
-2.9992,-0.41955,-0.48343,-0.34125,-1.8385,0.083288,1.1945
0.023746,0.43434,0.60059,0.91135,0.41368,0.13153,1.6188
-1.7754,0.40479,2.8101,0.68571,0.022747,-0.35905,0.47706
-1.1167,1.8208,-0.72106,0.98405,-0.10025,-0.26783,1.8223
-0.36577,0.44107,2.8737,-1.5043,0.17474,0.28448,0.26555
-4.5068,0.53385,-0.33396,0.49678,-0.72281,1.0665,1.7503
-1.4683,-0.14108,1.0046,-0.12463,0.63328,0.82851,1.1245
-2.179,-0.3048,0.39904,0.57072,0.94567,-0.15,0.496
-0.9724,0.42585,-0.096369,0.13268,-1.5613,0.81772,1.3107
-2.3922,0.21884,0.047659,1.2907,-0.648,-0.73094,0.57984
-0.53936,-0.50936,0.21043,1.9811,0.028304,0.61978,0.97366
0.21487,0.6304,-0.39346,-0.15361,-0.5061,-0.3484,1.4291
4.99,1.5324,3.2157,1.773,1.8238,0.9735,2.1019
3.3162,1.415,3.0856,2.7359,1.5224,1.7662,3.2256
5.648,1.449,6.3558,2.5248,2.4762,0.033574,3.0327
4.0054,1.7804,4.6339,1.838,2.3678,1.666,2.9781
2.4413,2.6585,3.822,0.35625,1.1396,2.3695,2.0975
6.5293,2.0096,5.6724,3.1578,3.6057,2.0086,3.3072
2.9484,2.6047,4.2577,2.7386,2.2113,2.9321,4.6357
5.1353,1.6943,2.1132,2.1542,2.1491,1.819,5.8128
1.0534,-0.65246,2.5718,-1.762,1.3978,-0.43635,0.33972
3.3568,-0.55606,0.36389,1.4075,-0.14765,-0.26124,-0.87079
0.24392,-0.45691,1.8235,0.086493,-0.31788,0.41581,-1.0427
4.7808,-1.3896,3.451,1.1877,2.3464,0.080839,1.6825
0.98763,0.27498,0.67997,0.063695,-0.1093,-0.053291,1.6775
0.53002,1.0908,1.3345,-1.2501,1.8407,-0.12716,1.6337
2.7689,0.54731,-0.18721,1.1085,1.3201,0.6342,-0.34768
2.4377,0.57434,0.63914,-0.052233,0.31697,1.3191,0.67212
-3.5577,-3.0596,-2.5793,-0.5992,-4.5573,-2.6077,-1.9693
-2.3204,-0.35723,-0.7592,-0.60062,-1.4463,-0.53379,-1.6328
-2.4205,-0.76224,-0.079924,-0.84719,-1.1444,-0.20089,-2.0146
-2.0477,-0.22183,1.3558,-0.18384,-1.6802,-1.0701,-0.58872
-4.8821,-1.6837,0.55131,1.5574,-0.50027,-0.75141,0.91436
-1.0845,-1.4387,4.1694,0.92785,-1.1781,-0.071089,1.1174
-1.7647,-1.7189,0.34105,-0.46212,-1.0455,0.62367,0.35153
0.052273,-0.88496,1.0897,-0.46337,-0.69235,0.3123,1.0701
3.1105,-0.19745,0.63304,0.34065,2.245,0.36301,0.68658
2.2663,1.3525,-0.71775,1.0462,0.49593,0.98257,-0.15695
3.6642,1.5407,2.1975,1.1793,-1.2226,-0.79803,-0.69927
1.8395,-0.43956,1.3695,0.88932,2.6861,0.82944,0.71602
3.948,0.092188,2.6328,1.4255,1.2102,0.27088,0.38065
3.8836,1.4374,2.0917,0.76481,0.9776,1.3107,-0.022269
5.8415,-1.0744,1.9618,0.86119,1.6036,-0.38845,-0.029619
1.8907,0.44795,2.4462,1.0948,3.0409,1.2779,1.9354
0.099098,1.37,-0.11958,-0.68636,1.6177,0.98178,-0.46949
1.3851,-0.19023,0.059678,-0.78774,0.48102,-0.46729,0.26761
1.9487,-1.0595,-1.0089,-0.39513,0.71174,1.1316,-1.0924
0.62162,0.94238,1.6404,0.090252,0.81464,1.7592,-1.4221
0.74032,2.3481,1.8005,-1.8362,1.0897,1.3942,-1.4743
0.086488,1.2432,2.6256,-0.30713,-0.39654,-0.40103,0.37553
0.8816,0.54997,1.2159,-0.13334,0.48618,0.34272,-0.51216
1.5502,0.15777,3.7393,0.53616,1.5745,1.5709,0.47779
1.5397,-0.71378,-1.753,-1.2963,-5.0115,-1.7271,1.1592
0.63864,-1.968,-1.2035,-0.89357,-2.962,-0.80428,1.044
1.5026,-0.90074,-1.0855,-0.69313,-3.0941,-0.87244,-0.37414
-0.98657,-0.87047,-1.4519,-2.4168,-5.0633,-1.7193,-1.3934
-1.8996,-1.8829,-2.1487,-2.7641,-4.3479,-0.44085,-1.1058
-3.6316,-3.1069,-2.0001,-1.6796,-6.0853,-1.1648,-1.7839
-3.8882,-1.0349,-1.5703,-1.4157,-4.3861,-1.4275,-3.0969
-5.8624,-0.84188,-0.60298,-0.27835,-4.3844,-0.43193,-1.4881
-7.6252,-1.0107,-1.4063,-0.91855,-3.7076,0.56889,-3.108
-7.4692,-1.6652,-1.8451,-0.056207,-3.2196,-0.82177,-1.8716
-5.5201,0.053534,-1.7147,0.094755,-2.5151,-0.69754,-1.9878
-6.581,-0.19594,-1.1402,0.088657,-1.9822,-0.66065,-1.1758
-6.2269,-1.1557,-0.39241,0.15893,-1.5554,-0.79401,-2.7506
-6.2431,0.36308,-1.6314,0.60131,-1.3503,1.637,-0.68443
-6.3682,1.2032,-0.72261,-1.8289,-2.1678,0.88709,-1.9595
-4.71,-0.20841,-0.87303,0.33865,-0.28986,-0.36244,-4.3005
0.56208,0.84507,0.62058,-0.28739,1.8343,0.22249,-0.63617
1.2469,1.0615,0.899,0.081404,2.7593,0.046255,0.0039634
0.37822,0.4268,-0.028703,-0.78504,1.4205,-0.3942,0.40082
-1.542,0.2295,-0.80075,-2.2129,2.3352,0.15551,1.0741
0.60729,0.93534,0.61001,0.29765,1.0786,1.3917,0.40228
0.13159,0.34628,0.60387,-0.05727,1.4687,1.4193,0.1289
1.326,0.32124,1.4451,-1.4165,1.0146,0.25997,0.44114
1.7551,-0.9816,-0.64257,0.46249,1.1239,0.8306,0.8255
2.0819,0.67225,1.0526,1.0194,1.986,1.3815,0.79204
2.0161,0.93311,0.8509,0.22617,1.6957,1.8154,0.22255
3.0099,1.0155,2.4052,0.16402,1.977,0.90738,0.65466
2.9409,1.5808,0.25729,1.0385,1.3863,2.2859,0.42115
2.1299,0.41889,1.0062,-0.81691,1.7369,0.78744,0.20807
5.5379,1.46,0.13555,0.87248,2.0653,-0.89353,0.71549
1.6421,0.1895,0.85444,0.77165,1.1983,1.4425,0.42715
0.71702,1.5564,0.65963,1.1456,1.5449,1.3885,0.50636
4.7046,0.26178,0.78684,-0.32379,1.915,-0.20782,1.6259
4.5922,1.6612,2.2555,0.58141,0.73141,0.10712,0.35986
0.83385,0.20229,1.2796,1.0613,1.4832,0.64331,-0.28965
3.6642,-0.28615,0.79766,-0.27085,1.661,0.54014,0.1465
2.0099,0.11031,-0.65537,-0.11574,0.44792,-2.2119,0.45693
-0.9603,-1.2364,-0.51834,-0.26258,-1.3708,-0.72923,0.29722
3.3831,-0.063784,0.055658,0.56394,1.9404,0.86535,0.45873
1.3391,-0.11599,1.1548,0.0006146,-1.2345,1.0092,0.54676
0.79411,1.5086,2.8758,1.3857,1.5013,1.6808,1.6569
2.9147,1.3326,2.1586,1.217,0.32618,1.2199,1.6302
2.8305,1.5413,2.8907,2.0554,3.7075,1.0858,1.5149
3.2133,1.8892,1.5436,0.41697,1.5114,1.8015,1.4091
2.4308,2.0373,2.3065,0.18487,1.4918,1.9374,1.4652
4.7064,1.1928,2.7752,2.1765,4.8895,1.1528,0.27663
1.9449,1.5131,2.0755,1.1669,2.5886,1.1453,2.1843
3.2358,2.0194,1.9726,2.1677,1.3408,1.3984,1.7816
3.5978,1.6503,1.2369,-1.4456,-1.5472,2.1051,-2.1563
4.15,1.7219,1.0445,-0.67207,1.1453,0.91018,-1.3525
2.699,0.88233,1.5445,-0.64958,0.61698,0.87523,1.1709
2.0779,0.87942,-1.3911,-0.15941,0.045011,-0.12234,-0.169
4.5105,0.59179,0.18393,0.2378,1.2244,1.1583,-0.89648
0.26643,1.4545,0.1079,-0.94469,0.55118,1.641,0.4506
-0.24466,1.2739,-1.2182,0.14622,0.80689,-1.215,0.66826
1.8133,-0.73457,-0.14064,-0.47178,1.6212,-0.50473,-1.5918
-0.86434,-0.304,0.25111,-0.59494,0.032065,0.98945,-1.1859
-1.9943,0.54763,-0.30395,-0.32289,0.30948,0.29295,-0.21854
0.19362,0.74324,0.85775,0.55469,1.0185,0.51479,0.25948
-0.24004,2.3627,1.169,0.83109,-0.13745,0.0067071,-0.5958
1.397,1.0724,0.47276,0.99319,2.3214,1.3429,-0.3685
-0.75104,1.3897,0.59051,-0.15336,0.33628,-0.053062,0.59597
0.12813,0.92625,1.0708,0.54172,1.0108,-0.40733,0.23282
0.46387,0.62236,0.77471,0.048977,0.62838,0.46762,-1.4109
